Model,Accuracy
Logistic Regression,0.6428571428571429
Random Forest,0.7597402597402597
Support Vector Machine,0.7597402597402597
K-Nearest Neighbors,0.7012987012987013
