Model,Accuracy
Logistic Regression,0.6428571428571429
Random Forest,0.7207792207792207
Support Vector Machine,0.7727272727272727
K-Nearest Neighbors,0.7402597402597403
